<?xml version="1.0" encoding="UTF-8"?>
<!DOCTYPE mapper PUBLIC "-//mybatis.org//DTD Mapper 3.0//EN"
        "http://mybatis.org/dtd/mybatis-3-mapper.dtd">
<mapper namespace="dao.GoodsDAO">

    <select id="getGoodsByPage" parameterType="int" resultType="bean.vo.GoodsVo">
        SELECT g.*, IFNULL(t.sales, 0) AS salesVolume
        FROM goods g
                 LEFT JOIN (
                    SELECT goodsId, SUM(quantity) AS sales
                    FROM item
                    GROUP BY goodsId
                ) t ON g.goodsId = t.goodsId
        LIMIT #{offset}, 2
    </select>

    <select id="getGoodsById" parameterType="int" resultType="bean.vo.GoodsVo">
        SELECT g.*, IFNULL(t.sales, 0) AS salesVolume
        FROM goods g
                 LEFT JOIN (
                    SELECT goodsId, SUM(quantity) AS sales
                    FROM item
                    GROUP BY goodsId
                ) t ON g.goodsId = t.goodsId
        WHERE g.goodsId = #{goodsId}
    </select>

    <select id="getPageCount" resultType="int">
        SELECT CEIL(COUNT(*)/2.0) FROM goods
    </select>

    <insert id="saveGoods" parameterType="GoodsVo">
        INSERT INTO goods VALUES (null, #{goodsName}, #{price})
    </insert>

    <update id="modifyGoods" parameterType="GoodsVo">
        UPDATE goods SET goodsName=#{goodsName}, price=#{price}
        WHERE goodsId=#{goodsId}
    </update>

    <delete id="deleteGoods" parameterType="int">
        DELETE FROM goods WHERE goodsId=#{goodsId}
    </delete>

</mapper>