<?xml version="1.0" encoding="UTF-8"?>
<!DOCTYPE mapper PUBLIC "-//mybatis.org//DTD Mapper 3.0//EN"
        "http://mybatis.org/dtd/mybatis-3-mapper.dtd">
<mapper namespace="dao.ItemDao">

    <resultMap id="itemResultMap" type="bean.vo.Item">
        <id property="itemId" column="itemId"/>
        <result property="quantity" column="quantity"/>
        <result property="orderId" column="orderId"/>
        <association property="goods" javaType="bean.vo.GoodsVo">
            <id property="goodsId" column="goodsId"/>
            <result property="goodsName" column="goodsName"/>
            <result property="price" column="price"/>
        </association>
    </resultMap>

    <insert id="addItem" parameterType="bean.vo.Item">
        INSERT INTO item (goodsId, quantity, orderId) VALUES (#{goods.goodsId}, #{quantity}, #{orderId})
    </insert>

    <update id="updateItem" parameterType="bean.vo.Item">
        UPDATE item SET quantity = #{quantity} WHERE itemId = #{itemId}
    </update>

    <delete id="deleteItem" parameterType="int">
        DELETE FROM item WHERE itemId = #{itemId}
    </delete>

    <select id="getItemById" parameterType="int" resultMap="itemResultMap">
        SELECT i.*, g.goodsName, g.price FROM item i JOIN goods g ON i.goodsId = g.goodsId WHERE i.itemId = #{itemId}
    </select>

    <select id="getAllItems" resultMap="itemResultMap">
        SELECT i.*, g.goodsName, g.price FROM item i JOIN goods g ON i.goodsId = g.goodsId
    </select>

    <select id="getItemsByOrderId" parameterType="int" resultMap="itemResultMap">
        SELECT i.*, g.goodsName, g.price FROM item i JOIN goods g ON i.goodsId = g.goodsId WHERE i.orderId = #{orderId}
    </select>
</mapper>
