<?xml version="1.0" encoding="UTF-8"?>
<!DOCTYPE mapper PUBLIC "-//mybatis.org//DTD Mapper 3.0//EN"
        "http://mybatis.org/dtd/mybatis-3-mapper.dtd">
<mapper namespace="dao.OrderDao">

    <resultMap id="orderResultMap" type="bean.vo.Order">
        <id property="orderId" column="orderId"/>
        <result property="orderTime" column="orderTime"/>
        <collection property="items" ofType="bean.vo.Item" select="dao.ItemDao.getItemsByOrderId" column="orderId"/>
    </resultMap>

    <insert id="addOrder" parameterType="bean.vo.Order" useGeneratedKeys="true" keyProperty="orderId">
        INSERT INTO `order` (orderTime) VALUES (#{orderTime})
    </insert>

    <delete id="deleteOrder" parameterType="int">
        DELETE FROM `order` WHERE orderId = #{orderId}
    </delete>

    <select id="getOrderById" parameterType="int" resultMap="orderResultMap">
        SELECT * FROM `order` WHERE orderId = #{orderId}
    </select>

    <select id="getAllOrders" resultMap="orderResultMap">
        SELECT * FROM `order`
    </select>
</mapper>

